Word,Cost,Clicks,Impressions,Conversions,Top Containing Queries
szőrtelenítés,"HUF116,888",837,"12,249",0.00,"(lézeres szőrtelenítés, végleges szőrtelenítés, intim szőrtelenítés)"
lézeres,"HUF66,047",483,"6,925",0.00,"(lézeres szőrtelenítés, dióda lézeres szőrtelenítés, intim lézeres szőrtelenítés)"
intim,"HUF58,409",349,"3,352",0.00,"(intim szőrtelenítés, intim lézeres szőrtelenítés, intim szőrtelenítés férfiaknak)"
végleges,"HUF26,838",204,"2,755",0.00,"(végleges szőrtelenítés, végleges lézeres szőrtelenítés árak, végleges szőrtelenítés árak)"
dióda,"HUF8,832",73,"1,342",0.00,"(dióda lézeres szőrtelenítés, dióda lézer, dióda lézeres szőrtelenítés ára)"
laser,"HUF6,049",49,"1,208",0.00,"(heaven laser, heaven laser and beauty, eclat laser clinic)"
budapest,"HUF8,178",65,"1,090",0.00,"(lézeres szőrtelenítés budapest, elektrolízis szőrtelenítés budapest, végleges szőrtelenítés budapest)"
szortelenites,"HUF8,621",65,980,0.00,"(lezeres szortelenites, diodalezeres szortelenites, vegleges szortelenites)"
heaven laser,"HUF6,083",48,953,0.00,"(heaven laser, heaven laser_beauty, heaven laser and beauty)"
bársony,"HUF3,701",32,841,0.00,"(bársony klinika, bársony orvos esztétika, bársony óbuda)"
árak,"HUF12,379",105,757,0.00,"(lézeres szőrtelenítés árak, végleges lézeres szőrtelenítés árak, végleges szőrtelenítés árak)"
klinika,"HUF2,138",20,587,0.00,(bársony klinika)
lezeres,"HUF4,675",35,585,0.00,"(lezeres szortelenites, lezeres szortelenites budapest, dioda lezeres szortelenites)"
férfi,"HUF7,862",47,435,0.00,"(férfi intim szőrtelenítés, férfi intim lézeres szőrtelenítés, férfi intim szőrtelenítés budapest)"
szőrtelenítő,"HUF1,815",13,384,0.00,"(szőrtelenítő, arc szőrtelenítő)"
férfiaknak,"HUF4,756",29,368,0.00,"(intim szőrtelenítés férfiaknak, szőrtelenítés férfiaknak, végleges szőrtelenítés férfiaknak ár)"
beauty,"HUF2,859",21,361,0.00,"(heaven laser and beauty, heaven laser & beauty szépségszalon, heaven laser beauty)"
hair,"HUF1,079",9,275,0.00,"(hair inhibitor, laser hair removal, electrolysis hair removal budapest)"
diodalezeres,"HUF1,817",16,238,0.00,(diodalezeres szortelenites)
laser_beauty,"HUF1,101",9,208,0.00,(heaven laser_beauty)
hair removal,HUF978,8,195,0.00,"(laser hair removal, electrolysis hair removal budapest, laser hair removal budapest)"
laser clinic,HUF521,5,189,0.00,"(eclat laser clinic, éclat laser clinic)"
lézer,HUF726,6,169,0.00,"(alexandrit lézer, dióda lézer)"
elektrolízis,"HUF1,906",16,164,0.00,"(elektrolízis szőrtelenítés budapest, elektrolízis szőrtelenítés ár)"
and,"HUF1,828",14,162,0.00,(heaven laser and beauty)
skin,"HUF1,003",8,158,0.00,"(absolute skin budapest, gold skin laser, absolute skin)"
női,"HUF1,824",11,149,0.00,(női intim szőrtelenítés)
tartós,HUF477,4,145,0.00,(tartós szőrtelenítés)
eclat,HUF327,3,145,0.00,(eclat laser clinic)
vegleges,HUF983,7,141,0.00,"(vegleges szortelenites, vegleges szőrtelenítés)"
teljes,"HUF2,042",13,134,0.00,"(teljes intim lézeres szőrtelenítés, teljes test lézeres szőrtelenítés)"
alexandrit,HUF692,6,125,0.00,"(alexandrit lézer, alexandrit lézeres szőrtelenítés)"
orvos,"HUF1,131",9,123,0.00,(bársony orvos esztétika)
esztétika,"HUF1,131",9,123,0.00,(bársony orvos esztétika)
ár,"HUF1,695",14,118,0.00,"(elektrolízis szőrtelenítés ár, végleges szőrtelenítés férfiaknak ár)"
tatabánya,"HUF1,793",17,112,0.00,(lézeres szőrtelenítés tatabánya)
absolute skin,HUF888,7,109,0.00,"(absolute skin budapest, absolute skin)"
electrolysis,HUF883,7,108,0.00,"(electrolysis hair removal budapest, electrolysis budapest)"
dioda,HUF823,7,104,0.00,"(dioda lezeres szortelenites, dioda lezer gep)"
&,HUF500,3,99,0.00,(heaven laser & beauty szépségszalon)
szépségszalon,HUF500,3,99,0.00,(heaven laser & beauty szépségszalon)
arc,HUF326,3,98,0.00,"(arc szőrtelenítő, végleges arc szőrtelenítés nőknek)"
sugár,HUF342,2,87,0.00,(sugár lézeres szőrtelenítés)
nőknek,"HUF1,584",9,84,0.00,"(intim szőrtelenítés nőknek, végleges arc szőrtelenítés nőknek)"
inhibitor,HUF100,1,80,0.00,(hair inhibitor)
legjobb,HUF102,1,76,0.00,(legjobb végleges szőrtelenítés)
ára,"HUF1,191",11,75,0.00,(dióda lézeres szőrtelenítés ára)
bikinivonal,"HUF1,317",6,73,0.00,(bikinivonal lézeres szőrtelenítés)
brazil,HUF0,0,73,0.00,"(brazil intim szőrtelenítés, brazil fazon szőrtelenítés)"
tűs,HUF633,5,65,0.00,(tűs epilálás budapest)
epilálás,HUF633,5,65,0.00,(tűs epilálás budapest)
akció,"HUF2,038",16,62,0.00,(lézeres szőrtelenítés akció)
fenék,HUF0,0,61,0.00,(fenék szőrtelenítés)
dunakeszi,HUF783,8,60,0.00,(lézeres szőrtelenítés dunakeszi)
szőrtelenítése,HUF335,2,59,0.00,(intim terület szőrtelenítése)
óbuda,HUF281,2,59,0.00,(bársony óbuda)
terület,HUF335,2,59,0.00,(intim terület szőrtelenítése)
body,HUF102,1,58,0.00,(full body laser)
full,HUF102,1,58,0.00,(full body laser)
arak,HUF754,6,56,0.00,(lezeres szortelenites arak)
diódalézeres,HUF456,4,56,0.00,(diódalézeres szőrtelenítés)
ix,HUF112,1,55,0.00,(lézi dióda lézeres szőrtelenítés budapest ix ker)
lézi,HUF112,1,55,0.00,(lézi dióda lézeres szőrtelenítés budapest ix ker)
ker,HUF112,1,55,0.00,(lézi dióda lézeres szőrtelenítés budapest ix ker)
diódás,HUF167,1,51,0.00,(diódás lézeres szőrtelenítés)
gold,HUF115,1,49,0.00,(gold skin laser)
területen,"HUF1,380",8,48,0.00,(lézeres szőrtelenítés intim területen)
lezer,HUF353,3,45,0.00,(dioda lezer gep)
gep,HUF353,3,45,0.00,(dioda lezer gep)
esth,HUF0,0,44,0.00,(dr b esth lezeres szortelenites)
dr,HUF0,0,44,0.00,(dr b esth lezeres szortelenites)
éclat,HUF195,2,44,0.00,(éclat laser clinic)
b,HUF0,0,44,0.00,(dr b esth lezeres szortelenites)
almabeauty,HUF0,0,44,0.00,(almabeauty)
hát,HUF517,5,43,0.00,(hát szőrtelenítés)
pénisz,HUF531,3,43,0.00,(pénisz szőrtelenítés)
inglow,HUF158,1,41,0.00,(inglow budapest)
szortelenito,HUF0,0,40,0.00,(lezeres szortelenito)
nuance,HUF126,1,40,0.00,(nuance beauty)
barsony,HUF0,0,38,0.00,(barsony obuda)
obuda,HUF0,0,38,0.00,(barsony obuda)
test,HUF537,4,37,0.00,(teljes test lézeres szőrtelenítés)
nyugati,HUF0,0,37,0.00,(bársony nyugati)
orvosi,HUF278,2,37,0.00,(orvosi lézeres szőrtelenítés)
szőrtelenítes,HUF273,2,36,0.00,(lézeres szőrtelenítes)
pro,HUF479,4,35,0.00,(candela gentlemax pro)
gentlemax,HUF479,4,35,0.00,(candela gentlemax pro)
candela,HUF479,4,35,0.00,(candela gentlemax pro)
punci,HUF185,1,35,0.00,(punci szőrtelenítés)
lézerklinika,HUF152,1,35,0.00,(bársony lézerklinika)
fazon,HUF0,0,35,0.00,(brazil fazon szőrtelenítés)
