Search,Cost,Clicks,Impressions,Conversions
lézeres szőrtelenítés,"HUF12,889",106,"3,150",0.00
végleges szőrtelenítés,"HUF9,134",76,"1,765",0.00
intim szőrtelenítés,"HUF12,777",78,"1,103",0.00
dióda lézeres szőrtelenítés,"HUF6,900",56,"1,085",0.00
bársony klinika,"HUF2,138",20,587,0.00
intim lézeres szőrtelenítés,"HUF12,515",72,542,0.00
heaven laser,"HUF2,248",19,424,0.00
lézeres szőrtelenítés árak,"HUF5,832",50,358,0.00
lézeres szőrtelenítés budapest,"HUF2,280",19,327,0.00
szőrtelenítő,"HUF1,815",13,326,0.00
intim szőrtelenítés férfiaknak,"HUF3,953",22,294,0.00
lezeres szortelenites,"HUF1,390",12,277,0.00
szőrtelenítés,"HUF1,199",10,248,0.00
diodalezeres szortelenites,"HUF1,817",16,238,0.00
heaven laser_beauty,"HUF1,101",9,208,0.00
végleges lézeres szőrtelenítés árak,"HUF3,582",29,200,0.00
végleges szőrtelenítés árak,"HUF2,965",26,199,0.00
férfi intim szőrtelenítés,"HUF1,334",10,191,0.00
lézeres intim szőrtelenítés,"HUF5,563",34,182,0.00
heaven laser and beauty,"HUF1,828",14,162,0.00
női intim szőrtelenítés,"HUF1,824",11,149,0.00
eclat laser clinic,HUF327,3,145,0.00
tartós szőrtelenítés,HUF477,4,145,0.00
intim végleges szőrtelenítés,"HUF3,002",19,129,0.00
bársony orvos esztétika,"HUF1,131",9,123,0.00
lézeres szőrtelenítés tatabánya,"HUF1,793",17,112,0.00
vegleges szortelenites,HUF584,4,106,0.00
végleges intim szőrtelenítés,"HUF2,503",17,105,0.00
heaven laser & beauty szépségszalon,HUF500,3,99,0.00
teljes intim lézeres szőrtelenítés,"HUF1,505",9,97,0.00
alexandrit lézer,HUF316,3,90,0.00
sugár lézeres szőrtelenítés,HUF342,2,87,0.00
elektrolízis szőrtelenítés budapest,HUF785,7,83,0.00
elektrolízis szőrtelenítés ár,"HUF1,121",9,81,0.00
végleges szőrtelenítés budapest,HUF947,7,81,0.00
hair inhibitor,HUF100,1,80,0.00
dióda lézer,HUF410,3,79,0.00
laser hair removal,HUF119,1,79,0.00
férfi intim lézeres szőrtelenítés,"HUF2,789",15,76,0.00
legjobb végleges szőrtelenítés,HUF102,1,76,0.00
dióda lézeres szőrtelenítés ára,"HUF1,191",11,75,0.00
bikinivonal lézeres szőrtelenítés,"HUF1,317",6,73,0.00
absolute skin budapest,HUF384,3,65,0.00
lezeres szortelenites budapest,HUF542,4,65,0.00
tűs epilálás budapest,HUF633,5,65,0.00
electrolysis hair removal budapest,HUF649,5,64,0.00
férfi intim szőrtelenítés budapest,"HUF1,023",7,64,0.00
lézeres szőrtelenítés akció,"HUF2,038",16,62,0.00
fenék szőrtelenítés,HUF0,0,61,0.00
heaven laser beauty,HUF405,3,60,0.00
lézeres szőrtelenítés dunakeszi,HUF783,8,60,0.00
bársony óbuda,HUF281,2,59,0.00
dioda lezeres szortelenites,HUF470,4,59,0.00
intim terület szőrtelenítése,HUF335,2,59,0.00
arc szőrtelenítő,HUF0,0,58,0.00
full body laser,HUF102,1,58,0.00
diódalézeres szőrtelenítés,HUF456,4,56,0.00
férfi szőrtelenítés,HUF214,2,56,0.00
lezeres szortelenites arak,HUF754,6,56,0.00
lézeres szőrtelenítés intim,HUF965,7,56,0.00
lézi dióda lézeres szőrtelenítés budapest ix ker,HUF112,1,55,0.00
laser hair removal budapest,HUF211,2,52,0.00
diódás lézeres szőrtelenítés,HUF167,1,51,0.00
gold skin laser,HUF115,1,49,0.00
dióda lézeres szőrtelenítés budapest,HUF219,2,48,0.00
férfi intim végleges szőrtelenítés,"HUF2,502",13,48,0.00
lézeres szőrtelenítés intim területen,"HUF1,380",8,48,0.00
szortelenites,HUF662,5,47,0.00
dioda lezer gep,HUF353,3,45,0.00
absolute skin,HUF504,4,44,0.00
almabeauty,HUF0,0,44,0.00
dr b esth lezeres szortelenites,HUF0,0,44,0.00
electrolysis budapest,HUF235,2,44,0.00
intim lezeres szortelenites,"HUF1,518",9,44,0.00
intim szortelenites,HUF884,5,44,0.00
intim szőrtelenítés nőknek,"HUF1,258",6,44,0.00
éclat laser clinic,HUF195,2,44,0.00
hát szőrtelenítés,HUF517,5,43,0.00
pénisz szőrtelenítés,HUF531,3,43,0.00
inglow budapest,HUF158,1,41,0.00
lezeres szortelenito,HUF0,0,40,0.00
nuance beauty,HUF126,1,40,0.00
végleges arc szőrtelenítés nőknek,HUF326,3,40,0.00
végleges szőrtelenítés intim,HUF780,5,39,0.00
barsony obuda,HUF0,0,38,0.00
brazil intim szőrtelenítés,HUF0,0,38,0.00
bársony nyugati,HUF0,0,37,0.00
orvosi lézeres szőrtelenítés,HUF278,2,37,0.00
szőrtelenítés férfiaknak,HUF229,2,37,0.00
teljes test lézeres szőrtelenítés,HUF537,4,37,0.00
végleges szőrtelenítés férfiaknak ár,HUF574,5,37,0.00
laser budapest,HUF0,0,36,0.00
lézeres szőrtelenítes,HUF273,2,36,0.00
végleges lézeres szőrtelenítés,HUF421,3,36,0.00
alexandrit lézeres szőrtelenítés,HUF376,3,35,0.00
brazil fazon szőrtelenítés,HUF0,0,35,0.00
bársony lézerklinika,HUF152,1,35,0.00
candela gentlemax pro,HUF479,4,35,0.00
punci szőrtelenítés,HUF185,1,35,0.00
vegleges szőrtelenítés,HUF399,3,35,0.00
