Search Keyword,Match type,Criterion Status,Campaign Status,Ad Group Status,Cost,Clicks,CTR
intim végleges szőrtelenítés,Phrase match,Enabled,Enabled,Enabled,"HUF110,663",631,10.57%
végleges szőrtelenítés,Broad match,Enabled,Enabled,Enabled,"HUF39,853",333,4.08%
lézeres végleges szőrtelenítés,Phrase match,Enabled,Enabled,Enabled,"HUF37,423",314,9.11%
végleges szőrtelenítés,Phrase match,Enabled,Enabled,Enabled,"HUF33,940",277,6.80%
lézeres szőrtelenítés,Broad match,Enabled,Enabled,Enabled,"HUF30,924",253,3.83%
lezeres szortelenites,Broad match,Enabled,Enabled,Enabled,"HUF23,741",204,6.41%
dióda lézeres szőrtelenítés,Phrase match,Enabled,Enabled,Enabled,"HUF21,248",167,7.93%
lézeres szőreltávolítás,Phrase match,Enabled,Enabled,Enabled,"HUF16,642",150,8.32%
intim végleges szőrtelenítés,Phrase match,Enabled,Enabled,Enabled,"HUF13,559",113,11.12%
lézeres szőrtelenítés árak,Phrase match,Enabled,Enabled,Enabled,"HUF13,517",114,13.19%
lézeres szőrtelenítés,Exact match,Enabled,Enabled,Enabled,"HUF12,988",108,3.37%
végleges szőrtelenítés budapest,Phrase match,Enabled,Enabled,Enabled,"HUF8,386",73,8.45%
végleges szőrtelenítés ár,Phrase match,Enabled,Enabled,Enabled,"HUF6,786",57,15.41%
lézeres szörtelenítés,Phrase match,Enabled,Enabled,Enabled,"HUF6,636",54,5.07%
diodalezeres szortelenites,Phrase match,Enabled,Enabled,Enabled,"HUF3,617",31,6.72%
tartós szőrtelenítés,Phrase match,Enabled,Enabled,Enabled,"HUF3,529",29,5.34%
dióda lézeres szőrtelenítés ára,Phrase match,Enabled,Enabled,Enabled,"HUF3,085",25,18.38%
test végleges szőrtelenítés,Phrase match,Enabled,Enabled,Enabled,HUF891,7,9.72%
hát végleges szőrtelenítés,Phrase match,Enabled,Enabled,Enabled,HUF747,7,17.07%
sipoly lézeres,Broad match,Enabled,Enabled,Enabled,HUF148,1,3.23%
